{"cameraMode":{"drawMode":0,"name":"Shaded","section":"Shading Mode"},"sceneLighting":true,"audioPlay":false,"sceneViewState":{"m_AlwaysRefresh":false,"showFog":true,"showSkybox":true,"showFlares":true,"showImageEffects":true,"showParticleSystems":true,"showVisualEffectGraphs":true,"m_FxEnabled":false},"in2DMode":false,"pivot":{"x":-18.316064834594728,"y":-14.83047866821289,"z":-15.069812774658204},"rotation":{"x":0.33867472410202029,"y":-0.21061687171459199,"z":0.07803483307361603,"w":0.9138785600662231},"size":62.06584930419922,"orthographic":false}