{"cameraMode":{"drawMode":0,"name":"Shaded","section":"Shading Mode"},"sceneLighting":true,"audioPlay":false,"sceneViewState":{"m_AlwaysRefresh":false,"showFog":true,"showSkybox":true,"showFlares":true,"showImageEffects":true,"showParticleSystems":true,"showVisualEffectGraphs":true,"m_FxEnabled":false},"in2DMode":false,"pivot":{"x":-60.27588653564453,"y":-146.17857360839845,"z":128.27969360351563},"rotation":{"x":0.3525436520576477,"y":-0.17414571344852448,"z":0.06668900698423386,"w":0.9172500371932983},"size":165.04013061523438,"orthographic":false}