{"cameraMode":{"drawMode":0,"name":"Shaded","section":"Shading Mode"},"sceneLighting":true,"audioPlay":false,"sceneViewState":{"m_AlwaysRefresh":false,"showFog":true,"showSkybox":true,"showFlares":true,"showImageEffects":true,"showParticleSystems":true,"showVisualEffectGraphs":true,"m_FxEnabled":false},"in2DMode":false,"pivot":{"x":-9.443081855773926,"y":-126.94573974609375,"z":28.056289672851564},"rotation":{"x":0.5479549765586853,"y":-0.007473823614418507,"z":0.005013620480895042,"w":0.8365445733070374},"size":138.7541961669922,"orthographic":false}