{"cameraMode":{"drawMode":0,"name":"Shaded","section":"Shading Mode"},"sceneLighting":true,"audioPlay":false,"sceneViewState":{"m_AlwaysRefresh":false,"showFog":true,"showSkybox":true,"showFlares":true,"showImageEffects":true,"showParticleSystems":true,"showVisualEffectGraphs":true,"m_FxEnabled":false},"in2DMode":false,"pivot":{"x":3.2397172451019289,"y":-3.3000106811523439,"z":-19.67410659790039},"rotation":{"x":-0.47324544191360476,"y":0.0004891926655545831,"z":-0.00038239452987909317,"w":-0.8810837864875794},"size":60.499752044677737,"orthographic":false}