{"cameraMode":{"drawMode":0,"name":"Shaded","section":"Shading Mode"},"sceneLighting":true,"audioPlay":false,"sceneViewState":{"m_AlwaysRefresh":false,"showFog":true,"showSkybox":true,"showFlares":true,"showImageEffects":true,"showParticleSystems":true,"showVisualEffectGraphs":true,"m_FxEnabled":false},"in2DMode":false,"pivot":{"x":-6.390219211578369,"y":-63.897605895996097,"z":14.408126831054688},"rotation":{"x":-0.4758671820163727,"y":0.0031651644967496397,"z":-0.0017074078787118197,"w":-0.8796263933181763},"size":99.47764587402344,"orthographic":false}