{"cameraMode":{"drawMode":0,"name":"Shaded","section":"Shading Mode"},"sceneLighting":true,"audioPlay":false,"sceneViewState":{"m_AlwaysRefresh":false,"showFog":true,"showSkybox":true,"showFlares":true,"showImageEffects":true,"showParticleSystems":true,"showVisualEffectGraphs":true,"m_FxEnabled":false},"in2DMode":false,"pivot":{"x":5.490426540374756,"y":-192.9647979736328,"z":110.61532592773438},"rotation":{"x":0.4736863672733307,"y":0.010039894841611386,"z":-0.005396286956965923,"w":0.8806390762329102},"size":183.3032989501953,"orthographic":false}