{"cameraMode":{"drawMode":0,"name":"Shaded","section":"Shading Mode"},"sceneLighting":true,"audioPlay":false,"sceneViewState":{"m_AlwaysRefresh":false,"showFog":true,"showSkybox":true,"showFlares":true,"showImageEffects":true,"showParticleSystems":true,"showVisualEffectGraphs":true,"m_FxEnabled":false},"in2DMode":false,"pivot":{"x":1.4302717447280884,"y":-238.24932861328126,"z":154.1751251220703},"rotation":{"x":-0.449247807264328,"y":0.001873228931799531,"z":-0.0009371089399792254,"w":-0.8934618830680847},"size":209.62271118164063,"orthographic":false}