{"cameraMode":{"drawMode":0,"name":"Shaded","section":"Shading Mode"},"sceneLighting":true,"audioPlay":false,"sceneViewState":{"m_AlwaysRefresh":false,"showFog":true,"showSkybox":true,"showFlares":true,"showImageEffects":true,"showParticleSystems":true,"showVisualEffectGraphs":true,"m_FxEnabled":false},"in2DMode":false,"pivot":{"x":-3.254608154296875,"y":37.173484802246097,"z":-57.344482421875},"rotation":{"x":-0.5007533431053162,"y":-0.0008114170632325113,"z":0.00037468038499355316,"w":-0.8657298684120178},"size":23.336193084716798,"orthographic":false}