{"cameraMode":{"drawMode":0,"name":"Shaded","section":"Shading Mode"},"sceneLighting":true,"audioPlay":false,"sceneViewState":{"m_AlwaysRefresh":false,"showFog":true,"showSkybox":true,"showFlares":true,"showImageEffects":true,"showParticleSystems":true,"showVisualEffectGraphs":true,"m_FxEnabled":false},"in2DMode":false,"pivot":{"x":-2.9463822841644289,"y":-76.75811004638672,"z":76.64894104003906},"rotation":{"x":0.39267081022262576,"y":-0.000022833512048237026,"z":-0.00004678922414314002,"w":0.9197679162025452},"size":135.36058044433595,"orthographic":false}