{"cameraMode":{"drawMode":0,"name":"Shaded","section":"Shading Mode"},"sceneLighting":false,"audioPlay":false,"sceneViewState":{"m_AlwaysRefresh":false,"showFog":true,"showSkybox":false,"showFlares":true,"showImageEffects":true,"showParticleSystems":true,"showVisualEffectGraphs":true,"m_FxEnabled":false},"in2DMode":false,"pivot":{"x":2.208815574645996,"y":-1.5503959655761719,"z":8.474343299865723},"rotation":{"x":0.36247849464416506,"y":0.32858601212501528,"z":-0.13828343152999879,"w":0.8611644506454468},"size":16.687599182128908,"orthographic":false}