{"cameraMode":{"drawMode":0,"name":"Shaded","section":"Shading Mode"},"sceneLighting":false,"audioPlay":false,"sceneViewState":{"m_AlwaysRefresh":false,"showFog":true,"showSkybox":false,"showFlares":true,"showImageEffects":true,"showParticleSystems":true,"showVisualEffectGraphs":true,"m_FxEnabled":false},"in2DMode":false,"pivot":{"x":-2.8306593894958498,"y":-1.4104785919189454,"z":8.938472747802735},"rotation":{"x":0.3226363956928253,"y":0.0022685080766677858,"z":-0.0007809295784682035,"w":0.9465728998184204},"size":16.765562057495118,"orthographic":false}