{"cameraMode":{"drawMode":0,"name":"Shaded","section":"Shading Mode"},"sceneLighting":false,"audioPlay":false,"sceneViewState":{"m_AlwaysRefresh":false,"showFog":true,"showSkybox":false,"showFlares":true,"showImageEffects":true,"showParticleSystems":true,"showVisualEffectGraphs":true,"m_FxEnabled":false},"in2DMode":false,"pivot":{"x":1.3835334777832032,"y":17.92160415649414,"z":-6.895827770233154},"rotation":{"x":-0.49609440565109255,"y":0.00019024267385248095,"z":-0.000822067609988153,"w":-0.8684552907943726},"size":0.5257648229598999,"orthographic":false}