{"cameraMode":{"drawMode":0,"name":"Shaded","section":"Shading Mode"},"sceneLighting":false,"audioPlay":false,"sceneViewState":{"m_AlwaysRefresh":false,"showFog":true,"showSkybox":false,"showFlares":true,"showImageEffects":true,"showParticleSystems":true,"showVisualEffectGraphs":true,"m_FxEnabled":false},"in2DMode":false,"pivot":{"x":-4.013345241546631,"y":-0.30005836486816409,"z":0.3223738670349121},"rotation":{"x":0.49326956272125246,"y":0.35778501629829409,"z":-0.23281659185886384,"w":0.7579997181892395},"size":11.353405952453614,"orthographic":false}