{"cameraMode":{"drawMode":0,"name":"Shaded","section":"Shading Mode"},"sceneLighting":false,"audioPlay":false,"sceneViewState":{"m_AlwaysRefresh":false,"showFog":true,"showSkybox":false,"showFlares":true,"showImageEffects":true,"showParticleSystems":true,"showVisualEffectGraphs":true,"m_FxEnabled":false},"in2DMode":false,"pivot":{"x":2.1788105964660646,"y":7.690515518188477,"z":-1.0987653732299805},"rotation":{"x":-0.4105524718761444,"y":-0.009308076463639737,"z":0.0035100490786135198,"w":-0.9119608402252197},"size":11.370855331420899,"orthographic":false}