{"cameraMode":{"drawMode":0,"name":"Shaded","section":"Shading Mode"},"sceneLighting":false,"audioPlay":false,"sceneViewState":{"m_AlwaysRefresh":false,"showFog":true,"showSkybox":false,"showFlares":true,"showImageEffects":true,"showParticleSystems":true,"showVisualEffectGraphs":true,"m_FxEnabled":false},"in2DMode":false,"pivot":{"x":90.86155700683594,"y":260.2106628417969,"z":-152.7783966064453},"rotation":{"x":-0.03299225866794586,"y":0.011993370950222016,"z":0.0003973055281676352,"w":0.9993964433670044},"size":71.32853698730469,"orthographic":false}