{"cameraMode":{"drawMode":0,"name":"Shaded","section":"Shading Mode"},"sceneLighting":false,"audioPlay":false,"sceneViewState":{"m_AlwaysRefresh":false,"showFog":true,"showSkybox":false,"showFlares":true,"showImageEffects":true,"showParticleSystems":true,"showVisualEffectGraphs":true,"m_FxEnabled":false},"in2DMode":false,"pivot":{"x":-0.04574573040008545,"y":20.542898178100587,"z":3.145291805267334},"rotation":{"x":0.6426830887794495,"y":-0.09797298908233643,"z":0.08338235318660736,"w":0.7553278207778931},"size":12.260497093200684,"orthographic":false}