{"cameraMode":{"drawMode":0,"name":"Shaded","section":"Shading Mode"},"sceneLighting":false,"audioPlay":false,"sceneViewState":{"m_AlwaysRefresh":false,"showFog":true,"showSkybox":false,"showFlares":true,"showImageEffects":true,"showParticleSystems":true,"showVisualEffectGraphs":true,"m_FxEnabled":false},"in2DMode":false,"pivot":{"x":-1.721549391746521,"y":20.618244171142579,"z":6.375894546508789},"rotation":{"x":0.29382386803627016,"y":-0.04156530648469925,"z":0.012798105366528035,"w":0.954928994178772},"size":12.260497093200684,"orthographic":false}