{"cameraMode":{"drawMode":0,"name":"Shaded","section":"Shading Mode"},"sceneLighting":false,"audioPlay":false,"sceneViewState":{"m_AlwaysRefresh":false,"showFog":true,"showSkybox":false,"showFlares":true,"showImageEffects":true,"showParticleSystems":true,"showVisualEffectGraphs":true,"m_FxEnabled":false},"in2DMode":false,"pivot":{"x":-2.193702459335327,"y":56.863685607910159,"z":-187.60385131835938},"rotation":{"x":0.026996493339538575,"y":-0.004498400259763002,"z":0.00011223744513699785,"w":0.9996405839920044},"size":21.992839813232423,"orthographic":false}