{"cameraMode":{"drawMode":0,"name":"Shaded","section":"Shading Mode"},"sceneLighting":true,"audioPlay":false,"sceneViewState":{"m_AlwaysRefresh":false,"showFog":true,"showSkybox":true,"showFlares":true,"showImageEffects":true,"showParticleSystems":true,"showVisualEffectGraphs":true,"m_FxEnabled":false},"in2DMode":false,"pivot":{"x":-24.379955291748048,"y":-135.63064575195313,"z":96.18006896972656},"rotation":{"x":-0.4150264859199524,"y":0.11387380212545395,"z":-0.051964517682790759,"w":-0.9014948010444641},"size":253.77806091308595,"orthographic":false}