{"cameraMode":{"drawMode":0,"name":"Shaded","section":"Shading Mode"},"sceneLighting":false,"audioPlay":false,"sceneViewState":{"m_AlwaysRefresh":false,"showFog":true,"showSkybox":false,"showFlares":true,"showImageEffects":true,"showParticleSystems":true,"showVisualEffectGraphs":true,"m_FxEnabled":false},"in2DMode":false,"pivot":{"x":0.11865174770355225,"y":0.0385899543762207,"z":2.088538646697998},"rotation":{"x":0.3242443799972534,"y":-0.08190412819385529,"z":0.029093218967318536,"w":0.9422255754470825},"size":5.8009114265441898,"orthographic":false}