{"cameraMode":{"drawMode":0,"name":"Shaded","section":"Shading Mode"},"sceneLighting":false,"audioPlay":false,"sceneViewState":{"m_AlwaysRefresh":false,"showFog":true,"showSkybox":false,"showFlares":true,"showImageEffects":true,"showParticleSystems":true,"showVisualEffectGraphs":true,"m_FxEnabled":false},"in2DMode":false,"pivot":{"x":-3.108531951904297,"y":4.200395584106445,"z":-2.699911117553711},"rotation":{"x":-0.44160330295562746,"y":-0.023781118914484979,"z":0.011494734324514866,"w":-0.8969358801841736},"size":10.262823104858399,"orthographic":false}